sinus,simus,cosinus,x^2,random
0.0,0.0,1.0,0.0,-0.12099087529058657
0.7071067812,0.7071067812,0.7071067812,0.6168502750680849,-0.8961591911119263
1.0,1.0,0.0,2.4674011002723395,-1.1832250667775257
0.7071067812,0.7071067812,-0.7071067812,5.551652475612764,-0.4122389595555252
0.0,0.0,-1.0,9.869604401089358,-0.3287730302337473
