sinus,simus,cosinus,x^2,random
0.0,0.0,1.0,0.0,-0.5327026763918539
0.7071067812,0.7071067812,0.7071067812,0.6168502750680849,-0.5610584237338301
1.0,1.0,0.0,2.4674011002723395,-0.12643949931493237
0.7071067812,0.7071067812,-0.7071067812,5.551652475612764,-0.26507100529283467
0.0,0.0,-1.0,9.869604401089358,0.5111275882654372
